Epoch,Batch,Time,Time_sum,Loss,Loss_avg
0,0/12672,3.746231,3.746231,4.794324,4.794324
0,1/12672,0.458529,4.204760,4.613619,4.703972
0,2/12672,0.464513,4.669273,4.035045,4.480996
0,3/12672,0.465186,5.134460,5.128507,4.642874
0,4/12672,0.464568,5.599028,4.199257,4.554150
0,5/12672,0.467110,6.066137,4.415331,4.531014
0,6/12672,0.467109,6.533247,4.327045,4.501875
