Epoch,Batch,Time,Time_sum,Loss,Loss_avg
0,0/12672,3.764921,3.764921,4.803683,4.803683
0,1/12672,0.462991,4.227912,5.080256,4.941969
0,2/12672,0.472713,4.700624,4.197548,4.693829
0,3/12672,0.469583,5.170208,4.415519,4.624251
0,4/12672,0.469657,5.639865,4.069086,4.513218
0,5/12672,0.468371,6.108236,4.211402,4.462916
0,6/12672,0.470526,6.578762,4.194296,4.424541
0,7/12672,0.475145,7.053907,4.235775,4.400946
