Epoch,Batch,Time,Time_sum,Loss,Loss_avg
0,0/12672,3.792149,3.792149,4.860930,4.860930
0,1/12672,0.463665,4.255814,4.382544,4.621737
0,2/12672,0.490043,4.745857,4.538160,4.593878
0,3/12672,0.480421,5.226278,4.215522,4.499289
0,4/12672,0.465724,5.692003,4.358364,4.471104
0,5/12672,0.464730,6.156732,4.174167,4.421614
0,6/12672,0.463616,6.620348,4.337662,4.409621
0,7/12672,0.464936,7.085284,4.432980,4.412541
